{"cameraMode":{"drawMode":0,"name":"Shaded","section":"Shading Mode"},"sceneLighting":false,"audioPlay":false,"sceneViewState":{"showFog":true,"showMaterialUpdate":false,"showSkybox":true,"showFlares":true,"showImageEffects":true,"showParticleSystems":true},"in2DMode":false,"pivot":{"x":2.1317524909973146,"y":-0.7212347984313965,"z":-3.852235794067383},"rotation":{"x":-0.016013529151678087,"y":0.9785750508308411,"z":-0.18749874830245973,"w":-0.08357636630535126},"size":7.676980495452881,"orthographic":false}