{"cameraMode":{"drawMode":0,"name":"Shaded","section":"Shading Mode"},"sceneLighting":false,"audioPlay":false,"sceneViewState":{"showFog":true,"showMaterialUpdate":false,"showSkybox":true,"showFlares":true,"showImageEffects":true,"showParticleSystems":true},"in2DMode":false,"pivot":{"x":-2.3298845291137697,"y":-3.7834248542785646,"z":-2.0209784507751467},"rotation":{"x":-0.04606913402676582,"y":0.944547712802887,"z":-0.2878517210483551,"w":-0.1511702984571457},"size":23.331083297729493,"orthographic":false}